address;mail;title
167 RUE DE BERCY 75012 PARIS ;ce.0750609E@ac-paris.fr;Collège d'enseignement général PAUL VERLAINE
38  BD SOULT 75012 PARIS ;ce.0752537A@ac-paris.fr;Collège d'enseignement général PAUL VALERY
24 RUE LE VAU 75020 PARIS ;ce.0752198G@ac-paris.fr;Collège d'enseignement général PIERRE MENDES FRANCE
149 AVENUE GAMBETTA 75020 PARIS ;ce.0752696Y@ac-paris.fr;Collège d'enseignement général LEON GAMBETTA
158 QUAI DE JEMMAPES 75010 PARIS ;ce.0753047E@ac-paris.fr;Collège d'enseignement général LA GRANGE AUX BELLES
20  RUE DE LA BRECHE AUX LOUPS 75012 PARIS ;ce.0750610F@ac-paris.fr;Collège d'enseignement général JULES VERNE
15  RUE MONTGOLFIER 75003 PARIS ;ce.0752523K@ac-paris.fr;Collège d'enseignement général MONTGOLFIER
21  RUE DE REUILLY 75012 PARIS ;ce.0752542F@ac-paris.fr;Collège d'enseignement général JEAN-FRANCOIS OEBEN
6 RUE MOLIERE 75001 PARIS ;ce.0751703U@ac-paris.fr;Collège d'enseignement général JEAN-BAPTISTE POQUELIN
26 RUE HENRI CHEVREAU 75020 PARIS ;ce.0750478M@ac-paris.fr;Collège d'enseignement général JEAN-BAPTISTE CLEMENT
89 COURS DE VINCENNES 75020 PARIS ;ce.0752557X@ac-paris.fr;Collège d'enseignement général MAURICE RAVEL
40 RUE DES PYRENEES 75020 PARIS ;ce.0750550R@ac-paris.fr;Collège d'enseignement général LUCIE FAURE
62 RUE DE LA FONTAINE AU ROI 75011 PARIS ;ce.0750465Y@ac-paris.fr;Collège d'enseignement général LUCIE ET RAYMOND AUBRAC
11 RUE JEAN POULMARCH 75010 PARIS ;ce.0752251P@ac-paris.fr;Collège d'enseignement général LOUISE MICHEL
6 RUE EUGENE REISZ 75020 PARIS ;ce.0753939Z@ac-paris.fr;Collège d'enseignement général JEAN PERRIN
3 RUE VITRUVE 75020 PARIS ;ce.0750591K@ac-paris.fr;Collège d'enseignement général HENRI MATISSE
49 RUE BOBILLOT 75013 PARIS ;;Section d'enseignement professionnel privé NOTRE-DAME -ST VINCENT DE PAUL
92 RUE DE VAUGIRARD 75006 PARIS ;ce.0754915K@ac-paris.fr;Section d'enseignement professionnel privé LPO PRIVE SAINT-NICOLAS
44 BOULEVARD AUGUSTE BLANQUI 75013 PARIS ;ce.0754919P@ac-paris.fr;Section d'enseignement professionnel privé LPO PRIVE LE REBOURS
40 RUE LA FONTAINE 75016 PARIS ;ce.0754921S@ac-paris.fr;Section d'enseignement professionnel privé LPO PRIVE SAINTE-THERESE
40 RUE LA FONTAINE 75016 PARIS ;ce.0753217P@ac-paris.fr;Lycée polyvalent privé SAINTE-THERESE
2 RUE D OLIVET 75007 PARIS ;ce.0754917M@ac-paris.fr;Section d'enseignement professionnel privé LPO PRIVE ALBERT DE MUN
2 RUE D OLIVET 75007 PARIS ;ce.0754030Y@ac-paris.fr;Lycée polyvalent privé ALBERT DE MUN
117 AVENUE VICTOR HUGO 75016 PARIS ;ce.0754666P@ac-paris.fr;Lycée général et technologique privé PASSY-SAINT-HONORE
8  RUE MAURICE DE LA SIZERANNE 75007 PARIS ;ce.0753852E@ac-paris.fr;Lycée général et technologique privé SAINTE-JEANNE ELISABETH
44 RUE DE GRENELLE 75007 PARIS ;ce.0753850C@ac-paris.fr;Lycée général privé SAINT-THOMAS D'AQUIN
12 RUE BENJAMIN FRANKLIN 75016 PARIS ;ce.0753933T@ac-paris.fr;Lycée général privé SAINT-LOUIS DE GONZAGUE
52 RUE VANEAU 75007 PARIS ;ce.0754860A@ac-paris.fr;Lycée général privé THERESE CHAPPUIS
112 RUE DE LOURMEL 75015 PARIS ;ce.0753916Z@ac-paris.fr;Lycée général privé SAINTE-ELISABETH
33 BOULEVARD LANNES 75016 PARIS ;ce.0753919C@ac-paris.fr;Lycée général privé PASCAL
12 RUE MICHEL ANGE 75016 PARIS ;ce.0753946G@ac-paris.fr;Lycée général privé NOTRE-DAME DES OISEAUX
72 RUE RAYNOUARD 75016 PARIS ;ce.0753947H@ac-paris.fr;Lycée général privé SAINT-JEAN DE PASSY
118 RUE DE GRENELLE 75007 PARIS ;ce.0753809H@ac-paris.fr;Lycée général privé PAUL CLAUDEL
86 RUE DE LA TOUR 75016 PARIS ;ce.0753943D@ac-paris.fr;Lycée général privé LA TOUR
90 BIS RUE SAINT DOMINIQUE 75007 PARIS ;ce.0753851D@ac-paris.fr;Lycée général privé LA ROCHEFOUCAULD
6 RUE DE LUBECK 75016 PARIS ;ce.0753948J@ac-paris.fr;Lycée général privé L'ASSOMPTION
12 AVENUE BOSQUET 75007 PARIS ;ce.0753849B@ac-paris.fr;Lycée général privé L'ALMA
31 RUE DE LA POMPE 75016 PARIS ;ce.0753941B@ac-paris.fr;Lycée général privé GERSON
70 RUE DU THEATRE 75015 PARIS ;ce.0753874D@ac-paris.fr;Lycée général privé ECOLE ACTIVE BILINGUE J.MANUEL
21 RUE DE VARENNE 75007 PARIS ;ce.0753848A@ac-paris.fr;Lycée général privé D'HULST
5 RUE BLOMET 75015 PARIS ;ce.0753915Y@ac-paris.fr;Lycée général privé BLOMET
70 RUE CHARDON LAGACHE 75016 PARIS ;;École technologique privée ECOLE TECHNIQUE PRIVEE AKIBA
56 RUE DE PASSY 75016 PARIS ;;École secondaire privée KINGSWORTH INTERNATIONALSCHOOL
50 RUE CASTAGNARY 75015 PARIS ;;École secondaire privée GEORGES GUSDORF
44 RUE LA QUINTINIE 75015 PARIS ;;École du 2nd degré professionnel privée PIGIER CREATION
17 AVENUE FELIX FAURE 75015 PARIS ;eppg@free.fr;École du 2nd degré général privée L'ENSEIGN PAR PETITS GROUPES
24 RUE INGENIEUR ROBERT KELLER 75015 PARIS ;ecole-maigret@wanadoo.fr;École du 2nd degré général privée L'ECOLE
56 RUE DE PASSY 75016 PARIS ;;École du 2nd degré général privée KINGSWORTH INTERNATIONALSCHOOL
1 AVENUE ALPHAND 75016 PARIS ;;École du 2nd degré général privée INSTITUT PR DU CLG LATIN
50 RUE CASTAGNARY 75015 PARIS ;;École du 2nd degré général privée GEORGES GUSDORF
8 RUE BENJAMIN GODARD 75016 PARIS ;secretariat.ipecom@wanadoo.fr;École du 2nd degré général privée IPECOM PREPA SCIENCES
6 RUE BEETHOVEN 75016 PARIS ;ce.0752803P@ac-paris.fr;École du 2nd degré général privée INTERNATIONAL SCHOOL OF PARIS
10 AVENUE DE LA BOURDONNAIS 75007 PARIS ;ce.0753859M@ac-paris.fr;École du 2nd degré général privée FIDES
70  RUE CHARDON LAGACHE 75016 PARIS ;;École du 2nd degré général privée ECOLE PRIVEE AKIBA
87 AVENUE DE LA BOURDONNAIS 75007 PARIS ;info@admsa.com;École du 2nd degré général privée ECOLE DU CHAMP DE MARS
23 BOULEVARD BEAUSEJOUR 75016 PARIS ;beausejour@noos.fr;École du 2nd degré général privée BEAUSEJOUR
52 RUE VANEAU 75007 PARIS ;ce.0753854G@ac-paris.fr;Collège d'enseignement général privé THERESE CHAPPUIS
8 RUE MAURICE DE LA SIZERANNE 75007 PARIS ;ce.0752894N@ac-paris.fr;Collège d'enseignement général privé SAINTE-JEANNE ELISABETH
112 RUE DE LOURMEL 75015 PARIS ;ce.0752901W@ac-paris.fr;Collège d'enseignement général privé SAINTE-ELISABETH
12 RUE BENJAMIN FRANKLIN 75016 PARIS ;ce.0752917N@ac-paris.fr;Collège d'enseignement général privé SAINT-LOUIS DE GONZAGUE
13 PLACE ETIENNE PERNET 75015 PARIS ;ce.0753992G@ac-paris.fr;Collège d'enseignement général privé SAINT-JOSEPH
72 RUE RAYNOUARD 75016 PARIS ;ce.0752870M@ac-paris.fr;Collège d'enseignement général privé SAINT-JEAN DE PASSY
66 AVENUE RAYMOND POINCARE 75016 PARIS ;ce.0753996L@ac-paris.fr;Collège d'enseignement général privé SAINT-HONORE D'EYLAU
33 BOULEVARD LANNES 75016 PARIS ;ce.0752919R@ac-paris.fr;Collège d'enseignement général privé PASCAL
118 RUE DE GRENELLE 75007 PARIS ;ce.0752882A@ac-paris.fr;Collège d'enseignement général privé PAUL CLAUDEL
12 RUE MICHEL ANGE 75016 PARIS ;ce.0752918P@ac-paris.fr;Collège d'enseignement général privé NOTRE-DAME DES OISEAUX
86 RUE DE LA TOUR 75016 PARIS ;ce.0752897S@ac-paris.fr;Collège d'enseignement général privé LA TOUR
90 BIS RUE SAINT DOMINIQUE 75007 PARIS ;ce.0752899U@ac-paris.fr;Collège d'enseignement général privé LA ROCHEFOUCAULD
12 AVENUE BOSQUET 75007 PARIS ;ce.0752912H@ac-paris.fr;Collège d'enseignement général privé L'ALMA
6 RUE DE LUBECK 75016 PARIS ;ce.0752936J@ac-paris.fr;Collège d'enseignement général privé L'ASSOMPTION
70 RUE DU THEATRE 75015 PARIS ;ce.0752935H@ac-paris.fr;Collège d'enseignement général privé ECOLE ACTIVE BILINGUE J.MANUEL
31 RUE DE LA POMPE 75016 PARIS ;ce.0752926Y@ac-paris.fr;Collège d'enseignement général privé GERSON
21 RUE DE VARENNE 75007 PARIS ;ce.0752914K@ac-paris.fr;Collège d'enseignement général privé D'HULST
5 RUE BLOMET 75015 PARIS ;ce.0752843H@ac-paris.fr;Collège d'enseignement général privé BLOMET
7 RUE SAINT LAMBERT 75015 PARIS ;coutherut@cfa-btp.org;Centre de Formation d'apprentis ST LAMBERT-MACONNERIE
54 BIS RUE DOMBASLE 75015 PARIS ;s.villoutreys@supdesrh.com;Centre de Formation d'apprentis RESSOURCES HUMAINES
192 RUE LECOURBE 75015 PARIS ;alain.nicolas@difcam.com;Centre de Formation d'apprentis DIFCAM BANQUES ET ASSURANCES
74 BIS RUE LAURISTON 75016 PARIS ;cfa@espacelauriston.fr;Centre de Formation d'apprentis DANSE CHANT COMEDIE (SIEGE)
163 RUE DE SEVRES 75015 PARIS ;fouzia.mis@aepo-optique.com;Centre de Formation d'apprentis OPTIQUE
60 AVENUE DE NEW YORK 75016 PARIS ;eroisinrogie@infa-formation.co;Centre de Formation d'apprentis METIERS DU TOURISME
319 RUE LECOURBE 75015 PARIS ;;Section d'enseignement professionnel LPO LOUIS ARMAND
20 RUE BOURSEUL 75015 PARIS ;;Section d'enseignement professionnel LPO LEONARD DE VINCI
39 AVENUE EMILE ZOLA 75015 PARIS ;ce.0752191Z@ac-paris.fr;Section d'enseignement général et professionnel adapté COLLEGE GUILLAUME APOLLINAIRE
31 BOULEVARD PASTEUR 75015 PARIS ;;Section d'enseignement professionnel LPO FRESNEL
15 RUE SAINT LAMBERT 75015 PARIS ;ce.0750697A@ac-paris.fr;Lycée technologique BATIMENT-SAINT-LAMBERT
63 RUE OLIVIER DE SERRES 75015 PARIS ;ce.0750612H@ac-paris.fr;Lycée technologique EC NAT SUP DES ARTS APPLIQUES
31 BOULEVARD PASTEUR 75015 PARIS ;ce.0750695Y@ac-paris.fr;Lycée polyvalent lycée des métiers FRESNEL
20 RUE BOURSEUL 75015 PARIS ;ce.0754475G@ac-paris.fr;Lycée polyvalent lycée des métiers LEONARD DE VINCI
319 RUE LECOURBE 75015 PARIS ;ce.0751708Z@ac-paris.fr;Lycée polyvalent LOUIS ARMAND
9 RUE OCTAVE FEUILLET 75016 PARIS ;ce.0750796H@ac-paris.fr;Lycée professionnel lycée des métiers OCTAVE FEUILLET
8 RUE QUINAULT 75015 PARIS ;ce.0750794F@ac-paris.fr;Lycée professionnel lycée des métiers BRASSAI
185 AVENUE DE VERSAILLES 75016 PARIS ;ce.0750588G@ac-paris.fr;Lycée professionnel RENE CASSIN
11 BIS RUE D AUTEUIL 75016 PARIS ;ce.0750700D@ac-paris.fr;Lycée général et technologique JEAN-BAPTISTE SAY
1 AVENUE DU PARC DES PRINCES 75016 PARIS ;ce.0750698B@ac-paris.fr;Lycée général et technologique CLAUDE BERNARD
1 RUE DU GENERAL CAMOU 75007 PARIS ;ce.0752961L@ac-paris.fr;Lycée professionnel GUSTAVE EIFFEL
5 RUE CORBON 75015 PARIS ;ce.0750436S@ac-paris.fr;Lycée professionnel CLAUDE ANTHIME CORBON
62 RUE SAINT CHARLES 75015 PARIS ;ce.0750793E@ac-paris.fr;Lycée professionnel BEAUGRENELLE
24 RUE FONDARY 75015 PARIS ;ce.0750696Z@ac-paris.fr;Lycée général et technologique ROGER VERLOMME
33 BOULEVARD DES INVALIDES 75007 PARIS ;ce.0750662M@ac-paris.fr;Lycée général VICTOR DURUY
71 RUE DU RANELAGH 75016 PARIS ;ce.0750703G@ac-paris.fr;Lycée général MOLIERE
1  PL DE LA PORTE MOLITOR 75016 PARIS ;ce.0750702F@ac-paris.fr;Lycée général JEAN DE LA FONTAINE
106  RUE DE LA POMPE 75016 PARIS ;ce.0750699C@ac-paris.fr;Lycée général JANSON DE SAILLY
11 RUE LEON LHERMITTE 75015 PARIS ;ce.0750694X@ac-paris.fr;Lycée général CAMILLE SEE
16 BOULEVARD PASTEUR 75015 PARIS ;ce.0750693W@ac-paris.fr;Lycée général BUFFON
393 RUE DE VAUGIRARD 75015 PARIS ;ce.0754401B@ac-paris.fr;Établissement expérimental LYCEE AUTOGERE
10 RUE DU DOCTEUR BLANCHE 75016 PARIS ;ce.0750701E@ac-paris.fr;Lycée d'Etat J. ZAY INTERNAT DE LA REUSSITE
29 BIS RUE DE CRONSTADT 75015 PARIS ;ce.0753256G@ac-paris.fr;Établissement régional d'enseignement adapté ALEXANDRE DUMAS
33 BOULEVARD DES INVALIDES 75007 PARIS ;ce.0752528R@ac-paris.fr;Collège d'enseignement général VICTOR DURUY
71  RUE DU RANELAGH 75016 PARIS ;ce.0752551R@ac-paris.fr;Collège d'enseignement général MOLIERE
1 RUE DE CHERBOURG 75015 PARIS ;ce.0752318M@ac-paris.fr;Collège d'enseignement général MODIGLIANI
6  RUE CLER 75007 PARIS ;ce.0752249M@ac-paris.fr;Collège d'enseignement général JULES ROMAINS
11 BIS RUE D AUTEUIL 75016 PARIS ;ce.0752549N@ac-paris.fr;Collège d'enseignement général JEAN-BAPTISTE SAY
1 PLACE DE LA PORTE MOLITOR 75016 PARIS ;ce.0752550P@ac-paris.fr;Collège d'enseignement général JEAN DE LA FONTAINE
106  RUE DE LA POMPE 75016 PARIS ;ce.0752548M@ac-paris.fr;Collège d'enseignement général JANSON DE SAILLY
13 RUE EUGENE DELACROIX 75016 PARIS ;ce.0752194C@ac-paris.fr;Collège d'enseignement général J. DE SAILLY Site E. DELACROIX
39 AVENUE EMILE ZOLA 75015 PARIS ;ce.0752190Y@ac-paris.fr;Collège d'enseignement général GUILLAUME APOLLINAIRE
13 RUE DES VOLONTAIRES 75015 PARIS ;ce.0752192A@ac-paris.fr;Collège d'enseignement général GEORGES DUHAMEL
14 RUE DE STAEL 75015 PARIS ;ce.0751563S@ac-paris.fr;Collège d'enseignement général DE STAEL
4 PLACE DU COMMERCE 75015 PARIS ;ce.0752317L@ac-paris.fr;Collège d'enseignement général CLAUDE DEBUSSY
1  AV DU PARC DES PRINCES 75016 PARIS ;ce.0752547L@ac-paris.fr;Collège d'enseignement général CLAUDE BERNARD
121 BOULEVARD RASPAIL 75006 PARIS ;ce.0754916L@ac-paris.fr;Section d'enseignement professionnel privé LPO PRIVE CARCADO SAISSEVAL
11 RUE LEON LHERMITTE 75015 PARIS ;ce.0752546K@ac-paris.fr;Collège d'enseignement général CAMILLE SEE
16 BOULEVARD PASTEUR 75015 PARIS ;ce.0750693w@ac-paris.fr;Collège d'enseignement général BUFFON
208 RUE SAINT CHARLES 75015 PARIS ;ce.0754305X@ac-paris.fr;Collège d'enseignement général ANDRE CITROEN
29 RUE GASSENDI 75014 PARIS ;ce.0754920R@ac-paris.fr;Section d'enseignement professionnel privé LPO PRIVE CATHERINE LABOURE
93 RUE DU DESSOUS DES BERGES 75013 PARIS ;ce.0750330B@ac-paris.fr;Lycée technologique privé EC TECHNIQUE SUP LABORATOIRE
92 RUE DE VAUGIRARD 75006 PARIS ;ce.0754025T@ac-paris.fr;Lycée polyvalent lycée des métiers privé SAINT-NICOLAS
44 BOULEVARD AUGUSTE BLANQUI 75013 PARIS ;ce.0754042L@ac-paris.fr;Lycée polyvalent lycée des métiers privé LE REBOURS
121 BOULEVARD RASPAIL 75006 PARIS ;ce.0754029X@ac-paris.fr;Lycée polyvalent lycée des métiers privé CARCADO SAISSEVAL
49 RUE BOBILLOT 75013 PARIS ;ce.0754924V@ac-paris.fr;Lycée polyvalent privé NOTRE-DAME -ST VINCENT DE PAUL
29 RUE GASSENDI 75014 PARIS ;ce.0754045P@ac-paris.fr;Lycée polyvalent privé CATHERINE LABOURE
64 RUE D ASSAS 75006 PARIS ;ce.0753844W@ac-paris.fr;Lycée général et technologique privé SAINTE-GENEVIEVE
61 RUE NOTRE DAME DES CHAMPS 75006 PARIS ;ce.0753842U@ac-paris.fr;Lycée général et technologique privé NOTRE-DAME DE SION
29 AVENUE LEON BOLLEE 75013 PARIS ;ce.0753834K@ac-paris.fr;Lycée général privé YABNE
22 RUE NOTRE DAME DES CHAMPS 75006 PARIS ;ce.0753840S@ac-paris.fr;Lycée général privé STANISLAS
28 RUE PIERRE NICOLE 75005 PARIS ;ce.0753598D@ac-paris.fr;Lycée général privé SEVIGNE
68 RUE D ASSAS 75006 PARIS ;ce.0753838P@ac-paris.fr;Lycée général privé SAINT-SULPICE
63 RUE DE LA SANTE 75013 PARIS ;ce.0753902J@ac-paris.fr;Lycée général privé NOTRE-DAME DE FRANCE
32 RUE GEOFFROY SAINT HILAIRE 75005 PARIS ;ce.0753827C@ac-paris.fr;Lycée général privé LOUISE DE MARILLAC
109 RUE NOTRE DAME DES CHAMPS 75006 PARIS ;ce.0753647G@ac-paris.fr;Lycée général privé ECOLE ALSACIENNE
5 RUE EMILE DUBOIS 75014 PARIS ;admsa14@hotmail.fr;École technologique privée ALFRED DE MUSSET
28 RUE DE L ABBE GREGOIRE 75006 PARIS ;ce.0754129F@ac-paris.fr;École du 2nd degré professionnel privée CCIP ECOLES GREGOIRE-FERRANDI
167 RUE VERCINGETORIX 75014 PARIS ;;École technologique privée 167 RUE VERCINGETORIX
38 RUE POLIVEAU 75005 PARIS ;;École secondaire privée ECOLE DU CERENE
17 RUE DE DOMREMY 75013 PARIS ;;École secondaire privée COLLEGE MERKAZ BETH MYRIAM
3 RUE DE L EURE 75014 PARIS ;cours.saintjohnperse@free.fr;École du 2nd degré général privée SAINT-JOHN PERSE
1 RUE DUPIN 75006 PARIS ;coursmontaigne.paris@wanadoo.f;École du 2nd degré général privée MONTAIGNE
24 RUE CHARCOT 75013 PARIS ;egsh@club-internet.com;École du 2nd degré général privée GEOFFROY SAINT-HILAIRE
21 RUE DU VAL DE GRACE 75005 PARIS ;;École du 2nd degré général privée COURS DIAGONALE
32 RUE GEOFFROY SAINT HILAIRE 75005 PARIS ;ce.0753967E@ac-paris.fr;Collège d'enseignement général privé SOEUR ROSALIE
5 RUE DE LA SANTE 75013 PARIS ;administration@coursprivecolbe;École du 2nd degré général privée COLBERT
34  RUE DE LA CLEF 75005 PARIS ;ce.0753829E@ac-paris.fr;École du 2nd degré général privée CLAUDE BERNARD
29 AVENUE LEON BOLLEE 75013 PARIS ;ce.0752906B@ac-paris.fr;Collège d'enseignement général privé YABNE
22 RUE NOTRE DAME DES CHAMPS 75006 PARIS ;ce.0752900V@ac-paris.fr;Collège d'enseignement général privé STANISLAS
28 RUE PIERRE NICOLE 75005 PARIS ;ce.0752913J@ac-paris.fr;Collège d'enseignement général privé SEVIGNE
49 RUE BOBILLOT 75013 PARIS ;ce.0753985Z@ac-paris.fr;Collège d'enseignement général privé SAINTE-MARIE
64 RUE D ASSAS 75006 PARIS ;ce.0752925X@ac-paris.fr;Collège d'enseignement général privé SAINTE-GENEVIEVE
68 RUE D ASSAS 75006 PARIS ;ce.0752924W@ac-paris.fr;Collège d'enseignement général privé SAINT-SULPICE
92 RUE DE VAUGIRARD 75006 PARIS ;ce.0754008Z@ac-paris.fr;Collège d'enseignement général privé SAINT-LOUIS
61 RUE NOTRE DAME DES CHAMPS 75006 PARIS ;ce.0754757N@ac-paris.fr;Collège d'enseignement général privé NOTRE-DAME DE SION
20 RUE DE DOMREMY 75013 PARIS ;ce.0753982W@ac-paris.fr;Collège d'enseignement général privé NOTRE-DAME DE LA GARE
63 RUE DE LA SANTE 75013 PARIS ;ce.0752896R@ac-paris.fr;Collège d'enseignement général privé NOTRE-DAME DE FRANCE
66 RUE DE L ABBE CARTON 75014 PARIS ;ce.0753908R@ac-paris.fr;Collège d'enseignement général privé LA BRUYERE-SAINTE-ISABELLE
109 RUE NOTRE DAME DES CHAMPS 75006 PARIS ;ce.0752874S@ac-paris.fr;Collège d'enseignement général privé ECOLE ALSACIENNE
4 PLACE JUSSIEU 75005 PARIS ;cfa@upmc.fr;Centre de Formation d'apprentis UPMC
66 RUE D ASSAS 75006 PARIS ;secretariat@cfaunivsport.com;Centre de Formation d'apprentis UNIVERSITE ET SPORTS
12 RUE RUBENS 75013 PARIS ;secretariat@afomav.fr;Centre de Formation d'apprentis PROJECTION PHOTO
19 RUE FRIANT 75014 PARIS ;formap@wanadoo.fr;Centre de Formation d'apprentis MIROITERIE
9 RUE VESAL 75005 PARIS ;avialard@cfa-ite.fr;Centre de Formation d'apprentis ITE
17 RUE LINNE 75005 PARIS ;b.marrone@insta.fr;Centre de Formation d'apprentis INSTA
4 RUE BLAISE DESGOFFE 75006 PARIS ;dudezertjp@formasup-paris.com;Centre de Formation d'apprentis FORMASUP PARIS-RECTORAT PARIS
28 RUE NOTRE DAME DES CHAMPS 75006 PARIS ;soubeyrand@isep.fr;Centre de Formation d'apprentis INST SUP ELECTRONIQUE DE PARIS
44 RUE D ALESIA 75014 PARIS ;hayot.ifria@gmail.com;Centre de Formation d'apprentis INDUSTRIES AGRO-ALIMENT D'IDF
11 RUE PIRANDELLO 75013 PARIS ;mcernesty@cci-paris-idf.fr;Centre de Formation d'apprentis ID2F-ILE DE FRANCE FORMATION
28 RUE DE L ABBE GREGOIRE 75006 PARIS ;mcernesty@cci-paris-idf.fr;Centre de Formation d'apprentis FERRANDI PARIS
21 RUE CHARLES FOURRIER 75013 PARIS ;aida.diab@asfored.org;Centre de Formation d'apprentis EDITION
237 BOULEVARD RASPAIL 75014 PARIS ;;Section d'enseignement professionnel LPO TIREL
5 BIS AVENUE MAURICE D OCAGNE 75014 PARIS ;;Section d'enseignement professionnel LPO RASPAIL
5 RUE MADAME 75006 PARIS ;;Section d'enseignement professionnel LPO MAXIMILIEN VOX
4 RUE DES FEUILLANTINES 75005 PARIS ;;Section d'enseignement professionnel LPO LUCAS DE NEHOU
73 BOULEVARD SAINT MARCEL 75013 PARIS ;mcernesty@cci-paris-idf.fr;Centre de Formation d'apprentis CCIP GOBELINS ECOLE DE L IMAGE
2 RUE LACAZE 75014 PARIS ;e.pol@cerfal.fr;Centre de Formation d'apprentis CERFAL
121 RUE DE PATAY 75013 PARIS ;;Section d'enseignement professionnel LPO JEAN LURCAT
7 RUE DU CANGE 75014 PARIS ;ce.0754483R@ac-paris.fr;Section d'enseignement général et professionnel adapté COLLEGE GIACOMETTI
9 RUE YEO THOMAS 75013 PARIS ;ce.0752386L@ac-paris.fr;Section d'enseignement général et professionnel adapté COLLEGE ELSA TRIOLET
2 RUE DU PONT DE LODI 75006 PARIS ;ce.0754482P@ac-paris.fr;Section d'enseignement général et professionnel adapté COLLEGE JACQUES PREVERT
9 BOULEVARD DE COURCELLES 75008 PARIS ;ce.0754037F@ac-paris.fr;Lycée technologique privé LA PLAINE MONCEAU
18 BOULEVARD AUGUSTE BLANQUI 75013 PARIS ;ce.0750686N@ac-paris.fr;Lycée technologique ESTIENNE ESAIG
31 RUE CAULAINCOURT 75018 PARIS ;ce.0754239A@ac-paris.fr;Lycée professionnel privé SAINT-JEAN DE MONTMARTRE
15 RUE DES FILLETTES 75018 PARIS ;ce.0754165V@ac-paris.fr;Lycée professionnel privé COIFFURE
2-6 RUE EMILE BOREL 75017 PARIS ;ce.0755537l@ac-apris.fr;Lycée général et technologique privé GASTON TENOUDJI
68 RUE DE LA CHAUSSEE D ANTIN 75009 PARIS ;ce.0753825A@ac-paris.fr;Lycée privé pour handicapés MORVAN
5 RUE DE LA MADONE 75018 PARIS ;ce.0754086J@ac-paris.fr;Lycée général et technologique privé CHARLES DE FOUCAULD
25 RUE DAUBIGNY 75017 PARIS ;ce.0754081D@ac-paris.fr;Lycée général privé STE URSULE-LOUISE BETTIGNIES
6 IMPASSE DES DEUX COUSINS 75017 PARIS ;iris@groupeipf.com;École technologique privée INST RESSOURCES INFO SUP
2 RUE TRISTAN TZARA 75018 PARIS ;ce.0753231E@ac-paris.fr;Lycée général privé SINAI
35 AVENUE DE SAINT OUEN 75017 PARIS ;ce.0753959W@ac-paris.fr;Lycée général privé SAINT-MICHEL DES BATIGNOLLES
24 RUE DU GENERAL FOY 75008 PARIS ;ce.0753873C@ac-paris.fr;Lycée général privé FENELON SAINTE-MARIE
9 RUE VILLARET DE JOYEUSE 75017 PARIS ;ce.0752937K@ac-paris.fr;Lycée général privé ECOLE  INTERNATIONAL BILINGUE
34 AVENUE DES CHAMPS ELYSEES 75008 PARIS ;direction@eurecole.com;École secondaire privée EURECOLE
11 BIS RUE DE MILAN 75009 PARIS ;;École technologique privée HAUTES ETUDES COMMERCIALES
113 RUE DU FG POISSONNIERE 75009 PARIS ;ce.0751593Z@ac-paris.fr;École du 2nd degré professionnel privée SAINT-LOUIS UNION ACADEMIE
6 RUE PAUL BAUDRY 75008 PARIS ;ecoleregineferrere@wanadoo.fr;École du 2nd degré professionnel privée R.FERRERE ESTHETIQ-COSMETIQUE
27 RUE MARBEUF 75008 PARIS ;ce.0754242D@ac-paris.fr;École du 2nd degré professionnel privée MARBEUF ESTHETIQUE ELYSEES
28 RUE DE TREVISE 75009 PARIS ;ecoleisec@free.fr;École du 2nd degré professionnel privée INSTITUT EUROPEEN DE COIFFURE
52 RUE LAFFITTE 75009 PARIS ;catherine.roland@academie-gmc.;École du 2nd degré professionnel privée GUINOT MARY COHR ACADEMIE
27 RUE VERNET 75008 PARIS ;ce.0752124B@ac-paris.fr;École du 2nd degré professionnel privée F.MORICE ESTHETIQUE-COSMETIQUE
24 RUE D AUMALE 75009 PARIS ;;École du 2nd degré professionnel privée COURS PRIVE HATTEMER
63 RUE AMPERE 75017 PARIS ;ce.0753082T@ac-paris.fr;École du 2nd degré professionnel privée ETS - IRIS
15 RUE DES FILLETTES 75018 PARIS ;ce.0754168Y@ac-paris.fr;École du 2nd degré professionnel privée CTRE MARCEL LAMY COIFFURE-ESTH
64 BIS RUE TAITBOUT 75009 PARIS ;ce.0752382G@ac-paris.fr;École générale et technologique privée COURS PRIVE CLAPEYRON
37 RUE DES MARTYRS 75009 PARIS ;coursverlaine@noos.fr;École du 2nd degré général privée VERLAINE
14 RUE CAVALLOTTI 75018 PARIS ;saintjohnperse@free.fr;École du 2nd degré général privée SAINT-JOHN PERSE
52 RUE DE LONDRES 75008 PARIS ;courriel@hattemer.fr;École du 2nd degré général privée HATTEMER
98 RUE PIERRE DEMOURS 75017 PARIS ;ce.0754083F@ac-paris.fr;École du 2nd degré général privée CARNOT
2 RUE TRISTAN TZARA 75018 PARIS ;ce.0753206C@ac-paris.fr;Collège d'enseignement général privé SINAI
8 RUE CHAMPIONNET 75018 PARIS ;ce.0753381T@ac-paris.fr;Collège d'enseignement général privé SAINT-VINCENT
102 BOULEVARD PEREIRE 75017 PARIS ;ce.0752898T@ac-paris.fr;Collège d'enseignement général privé STE URSULE-LOUISE BETTIGNIES
35 AVENUE DE SAINT OUEN 75017 PARIS ;ce.0752927Z@ac-paris.fr;Collège d'enseignement général privé SAINT-MICHEL DES BATIGNOLLES
47 RUE MONTCALM 75018 PARIS ;ce.0750182R@ac-paris.fr;Collège d'enseignement général privé SAINT-LOUIS
2 RUE EMILE BOREL 75017 PARIS ;ce.0755192l@ac-paris.fr;Collège d'enseignement général privé GASTON TENOUDJI
47 RUE DE NAPLES 75008 PARIS ;ce.0752842G@ac-paris.fr;Collège d'enseignement général privé FENELON SAINTE-MARIE
16 RUE MARGUERITE 75017 PARIS ;ce.0752821J@ac-paris.fr;Collège d'enseignement général privé E. INTER. BILINGU SECT MONCEAU
68 RUE DE LA CHAUSSEE D ANTIN 75009 PARIS ;ce.0752916M@ac-paris.fr;Collège privé pour handicapés MORVAN
48 RUE STEPHENSON 75018 PARIS ;jmcerf@cfa-stephenson.fr;Centre de Formation d'apprentis STEPHENSON
8 RUE D ATHENES 75009 PARIS ;f.fievre-deboudt@cfasacef.fr;Centre de Formation d'apprentis SACEF
119 BOULEVARD DIDEROT 75012 PARIS ;ce.0751883P@ac-paris.fr;Lycée technologique privé INSTITUT PRIVE CLORIVIERE
24 RUE BOURET 75019 PARIS ;ce.0754923U@ac-paris.fr;Section d'enseignement professionnel privé LPO PRIVE L'INITIATIVE
21 RUE CARDUCCI 75019 PARIS ;ce.0754922T@ac-paris.fr;Section d'enseignement professionnel privé LPO PRIVE JULES RICHARD
56 RUE PLANCHAT 75020 PARIS ;ce.0753537M@ac-paris.fr;Lycée technologique privé EC SUP TECH BIOLOGIE APPLIQUEE
24 RUE BOURET 75019 PARIS ;ce.0754016H@ac-paris.fr;Lycée polyvalent privé L'INITIATIVE
19 RUE VOLTAIRE 75011 PARIS ;ce.0753815P@ac-paris.fr;Lycée général et technologique privé LES PETITS CHAMPS
21 RUE CARDUCCI 75019 PARIS ;ce.0754015G@ac-paris.fr;Lycée polyvalent privé JULES RICHARD MICROTECHNIQUES
29 RUE MERLIN 75011 PARIS ;ce.0754089M@ac-paris.fr;Lycée privé pour handicapés VOTRE ECOLE CHEZ VOUS
70 AVENUE SECRETAN 75019 PARIS ;ce.0754965P@ac-paris.fr;Lycée général et technologique privé LUCIEN DE HIRSCH
21 RUE SAINT ANTOINE 75004 PARIS ;ce.0753820V@ac-paris.fr;Lycée général et technologique privé LES FRANCS BOURGEOIS
54 AVENUE DE LA REPUBLIQUE 75011 PARIS ;ce.0753890W@ac-paris.fr;Lycée général et technologique privé CHARLES PEGUY
29 RUE DES ENVIERGES 75020 PARIS ;secretariatstelouise@yahoo.fr;Lycée général privé SAINTE LOUISE
53 RUE DE LA GARE DE REUILLY 75012 PARIS ;ce.0753897D@ac-paris.fr;Lycée général privé SAINT-MICHEL DE PICPUS
19 RUE FRIANT 75014 PARIS ;ce.0750463W@ac-paris.fr;Lycée polyvalent lycée des métiers LUCAS DE NEHOU
5 BIS AVENUE MAURICE D OCAGNE 75014 PARIS ;ce.0750691U@ac-paris.fr;Lycée polyvalent lycée des métiers RASPAIL
237 BOULEVARD RASPAIL 75014 PARIS ;ce.0754476H@ac-paris.fr;Lycée polyvalent lycée des métiers GUILLAUME TIREL
5 RUE MADAME 75006 PARIS ;ce.0750502N@ac-paris.fr;Lycée polyvalent MAXIMILIEN VOX-ART-DESSIN
92 RUE BARRAULT 75013 PARIS ;ce.0750786X@ac-paris.fr;Lycée polyvalent LAZARE PONTICELLI
48 AVENUE DES GOBELINS 75013 PARIS ;ce.0753268V@ac-paris.fr;Lycée polyvalent JEAN LURCAT
12 RUE VICTOR COUSIN 75005 PARIS ;ce.0750428H@ac-paris.fr;Lycée polyvalent JACQUES MONOD
2 RUE TAGORE 75013 PARIS ;ce.0750553U@ac-paris.fr;Lycée professionnel GASTON BACHELARD
13 AVENUE BOUTROUX 75013 PARIS ;ce.0751710B@ac-paris.fr;Lycée professionnel lycée des métiers NICOLAS LOUIS VAUQUELIN
28 RUE DE PATAY 75013 PARIS ;ce.0750785W@ac-paris.fr;Lycée professionnel GALILEE
2 RUE PIERRE CASTAGNOU 75014 PARIS ;ce.0752846L@ac-paris.fr;Lycée professionnel ERIK SATIE
61 RUE CORVISART 75013 PARIS ;ce.0750787Y@ac-paris.fr;Lycée professionnel CORVISART-TOLBIAC
14 RUE EMILE DUBOIS 75014 PARIS ;ce.0750692V@ac-paris.fr;Lycée général et technologique EMILE DUBOIS
44  BD SAINT MICHEL 75006 PARIS ;ce.0750658H@ac-paris.fr;Lycée général SAINT-LOUIS
10 AVENUE MARC SANGNIER 75014 PARIS ;ce.0750690T@ac-paris.fr;Lycée général et technologique FRANCOIS VILLON
11 RUE PIRANDELLO 75013 PARIS ;ce.0750685M@ac-paris.fr;Lycée général et technologique PIERRE-GILLES DE GENNES-ENCPB
7  RUE HUYGHENS 75014 PARIS ;ce.0750689S@ac-paris.fr;Lycée général PAUL BERT
17 RUE AUGUSTE COMTE 75006 PARIS ;ce.0750657G@ac-paris.fr;Lycée général MONTAIGNE
19 RUE CORVISART 75013 PARIS ;ce.0750682J@ac-paris.fr;Lycée général RODIN
123 RUE SAINT JACQUES 75005 PARIS ;ce.0750655E@ac-paris.fr;Lycée général LOUIS LE GRAND
17 RUE HENRI BARBUSSE 75005 PARIS ;ce.0750656F@ac-paris.fr;Lycée général LAVOISIER
23 RUE CLOVIS 75005 PARIS ;ce.0750654D@ac-paris.fr;Lycée général HENRI IV
2 RUE DE L EPERON 75006 PARIS ;ce.0750660K@ac-paris.fr;Lycée général FENELON
81 AVENUE DE CHOISY 75013 PARIS ;ce.0750684L@ac-paris.fr;Lycée général GABRIEL FAURE
91  AV DE FRANCE 75013 PARIS ;ce.0755000C@ac-paris.fr;Collège d'enseignement général THOMAS MANN
1 RUE DU DOCTEUR MAGNAN 75013 PARIS ;ce.0750683K@ac-paris.fr;Lycée général CLAUDE MONET
48  AV DES GOBELINS 75013 PARIS ;ce.0753268V@ac-paris.fr;Établissement expérimental 48  AV DES GOBELINS
1 RUE CROCE SPINELLI 75014 PARIS ;ce.0752799K@ac-paris.fr;Établissement régional d'enseignement adapté CROCE SPINELLI
89 BOULEVARD ARAGO 75014 PARIS ;ce.0754253R@ac-paris.fr;Collège d'enseignement général SAINT-EXUPERY
24 RUE DU CARDINAL LEMOINE 75005 PARIS ;ce.0750407K@ac-paris.fr;Collège d'enseignement général ROGNONI
19 RUE CORVISART 75013 PARIS ;ce.0752538B@ac-paris.fr;Collège d'enseignement général RODIN
66 BOULEVARD SAINT MARCEL 75005 PARIS ;ce.0752186U@ac-paris.fr;Collège d'enseignement général RAYMOND QUENEAU
88 RUE MONGE 75005 PARIS ;ce.0751790N@ac-paris.fr;Collège d'enseignement général PIERRE ALVISET
18 RUE DU MOULIN DES PRES 75013 PARIS ;ce.0750525N@ac-paris.fr;Collège d'enseignement général MOULIN DES PRES
8  RUE HUYGHENS 75014 PARIS ;ce.0752543G@ac-paris.fr;Collège d'enseignement général PAUL BERT
17 RUE AUGUSTE COMTE 75006 PARIS ;ce.0752527P@ac-paris.fr;Collège d'enseignement général MONTAIGNE
17 RUE HENRI BARBUSSE 75005 PARIS ;ce.0752531U@ac-paris.fr;Collège d'enseignement général LAVOISIER
75 RUE D ALESIA 75014 PARIS ;ce.0750611G@ac-paris.fr;Collège d'enseignement général JEAN MOULIN
18 RUE SAINT BENOIT 75006 PARIS ;ce.0752187V@ac-paris.fr;Collège d'enseignement général JACQUES PREVERT
23 RUE CLOVIS 75005 PARIS ;ce.0752526N@ac-paris.fr;Collège d'enseignement général HENRI IV
76  AV D IVRY 75013 PARIS ;ce.0753518S@ac-paris.fr;Collège d'enseignement général GUSTAVE FLAUBERT
91 RUE BRILLAT SAVARIN 75013 PARIS ;ce.0752957G@ac-paris.fr;Collège d'enseignement général GEORGES BRAQUE
159 RUE DE TOLBIAC 75013 PARIS ;ce.0752316K@ac-paris.fr;Collège d'enseignement général GEORGE SAND
81 AVENUE DE CHOISY 75013 PARIS ;ce.0752540D@ac-paris.fr;Collège d'enseignement général GABRIEL FAURE
10  AV MARC SANGNIER 75014 PARIS ;ce.0752544H@ac-paris.fr;Collège d'enseignement général FRANCOIS VILLON
11 RUE DU DOCTEUR BOURNEVILLE 75013 PARIS ;ce.0753937X@ac-paris.fr;Collège d'enseignement général EVARISTE GALOIS
9 RUE YEO THOMAS 75013 PARIS ;ce.0752385K@ac-paris.fr;Collège d'enseignement général ELSA TRIOLET
93 RUE D ALESIA 75014 PARIS ;ce.0751705W@ac-paris.fr;Collège d'enseignement général ALPHONSE DAUDET
1 RUE DU DOCTEUR MAGNAN 75013 PARIS ;ce.0750683K@ac-paris.fr;Collège d'enseignement général CLAUDE MONET
4 BIS AVENUE DE CHOISY 75013 PARIS ;ce.0752694W@ac-paris.fr;Collège d'enseignement général CAMILLE CLAUDEL
17 RUE JACQUES IBERT 75017 PARIS ;i.menault@epmtth.org>;Centre de Formation d'apprentis METIERS DE LA TABLE
7 RUE DU CANGE 75014 PARIS ;ce.0750445B@ac-paris.fr;Collège d'enseignement général ALBERTO GIACOMETTI
8 AVENUE DE LA PORTE DE CHAMPE 75017 PARIS ;mcernesty@cci-paris-idf.fr;Centre de Formation d'apprentis CCIR LA FABRIQUE
43 AVENUE DE CLICHY 75017 PARIS ;bruno.deridder@cfpb.fr;Centre de Formation d'apprentis METIERS BANQUE ET FINANCE IDF
58 RUE DU PROFESSEUR GOSSET 75018 PARIS ;c.gourret@ace-expert.com;Centre de Formation d'apprentis EXPERTISE COMPTABLE
14 RUE DES FILLETTES 75018 PARIS ;jldejeans@cifca.fr;Centre de Formation d'apprentis COMMERCES DE L'ALIMENTATION
27 AVENUE FRIEDLAND 75008 PARIS ;mcernesty@cci-paris-idf.fr;Centre de Formation d'apprentis CCI PARIS ILE-DE-FRANCE
8  AVENUE DE LA PORTE DE CHAMP 75017 PARIS ;mcernesty@cci-paris-idf.fr;Centre de Formation d'apprentis CCIP-NOVANCIA
27 BOULEVARD NEY 75018 PARIS ;contact@cfacroisat.fr;Centre de Formation d'apprentis AMBROISE CROISAT
20 RUE MEDERIC 75017 PARIS ;r.alexandre@cfamederic.com;Centre de Formation d'apprentis ALIMENTATION HOTELLERIE
24 RUE DUPERRE 75009 PARIS ;;Section d'enseignement professionnel LPO EDGAR QUINET
20 RUE MEDERIC 75017 PARIS ;;Section d'enseignement professionnel LPO DROUANT
34 RUE MARIE-GEORGES PICQUART 75017 PARIS ;ce.0755780A@ac-paris.fr;Section d'enseignement général et professionnel adapté CLG ZAC SAUSSURE BATIGNOLLES
8 RUE JEAN FRANCOIS LEPINE 75018 PARIS ;ce.0752197F@ac-paris.fr;Section d'enseignement général et professionnel adapté COLLEGE MARX DORMOY
74 BIS RUE DU POTEAU 75018 PARIS ;ce.0751767N@ac-paris.fr;Section d'enseignement général et professionnel adapté COLLEGE HECTOR BERLIOZ
2 ESPACE NATHALIE SARRAUTE 75018 PARIS ;;Section d'enseignement général et professionnel adapté COLLEGE AIMÉ CESAIRE
24 RUE GANNERON 75018 PARIS ;ce.0750710P@ac-paris.fr;Lycée technologique lycée des métiers AUGUSTE RENOIR
70 BOULEVARD BESSIERES 75017 PARIS ;ce.0750707L@ac-paris.fr;Lycée technologique ECOLE NATIONALE DE COMMERCE
20 RUE MEDERIC 75017 PARIS ;ce.0750708M@ac-paris.fr;Lycée polyvalent lycée des métiers JEAN DROUANT
63 RUE DES MARTYRS 75009 PARIS ;ce.0750671X@ac-paris.fr;Lycée polyvalent EDGAR QUINET
135 RUE BELLIARD 75018 PARIS ;ce.0752608C@ac-paris.fr;Lycée professionnel lycée des métiers BELLIARD
7 RUE FERDINAND FLOCON 75018 PARIS ;ce.0752109K@ac-paris.fr;Lycée professionnel SUZANNE VALADON
6 RUE CHARLES HERMITE 75018 PARIS ;ce.0750419Y@ac-paris.fr;Lycée professionnel CAMILLE JENATZY
9 RUE FRANCIS DE CROISSET 75018 PARIS ;ce.0750688R@ac-paris.fr;Lycée général et technologique lycée des métiers RABELAIS-PARAMEDICAL ET SOCIAL
19 RUE MARIA DERAISMES 75017 PARIS ;ce.0753350J@ac-paris.fr;Lycée professionnel MARIA DERAISMES
15 RUE DE L EVANGILE 75018 PARIS ;ce.0750800M@ac-paris.fr;Lycée professionnel EDMOND ROSTAND
20 RUE DU ROCHER 75008 PARIS ;ce.0750664P@ac-paris.fr;Lycée général et technologique RACINE
118  BD BESSIERES 75017 PARIS ;ce.0750705J@ac-paris.fr;Lycée général et technologique HONORE DE BALZAC
121 RUE DU FG POISSONNIERE 75009 PARIS ;ce.0750670W@ac-paris.fr;Lycée général LAMARTINE
45 BOULEVARD DES BATIGNOLLES 75008 PARIS ;ce.0750663N@ac-paris.fr;Lycée général et technologique CHAPTAL
77 BOULEVARD DE CLICHY 75009 PARIS ;ce.0750669V@ac-paris.fr;Lycée général JULES FERRY
12 AVENUE TRUDAINE 75009 PARIS ;ce.0750668U@ac-paris.fr;Lycée général JACQUES DECOUR
8 RUE DU HAVRE 75009 PARIS ;ce.0750667T@ac-paris.fr;Lycée général CONDORCET
145 BOULEVARD MALESHERBES 75017 PARIS ;ce.0750704H@ac-paris.fr;Lycée général CARNOT
34 RUE MARIE-GEORGES PICQUART 75017 PARIS ;ce.0755779Z@ac-paris.fr;Collège d'enseignement général La Rose blanche
7 RUE YVONNE LE TAC 75018 PARIS ;ce.0752108J@ac-paris.fr;Collège d'enseignement général YVONNE LE TAC
29 RUE DE LA JONQUIERE 75017 PARIS ;ce.0752554U@ac-paris.fr;Collège d'enseignement général STEPHANE MALLARME
63 RUE DE CLIGNANCOURT 75018 PARIS ;ce.0750429J@ac-paris.fr;Collège d'enseignement général ROLAND DORGELES
35 RUE MILTON 75009 PARIS ;ce.0752250N@ac-paris.fr;Collège d'enseignement général PAUL GAUGUIN
140 AVENUE DE WAGRAM 75017 PARIS ;ce.0752107H@ac-paris.fr;Collège d'enseignement général PIERRE DE RONSARD
28 RUE DU GENERAL FOY 75008 PARIS ;ce.0752530T@ac-paris.fr;Collège d'enseignement général OCTAVE GREARD
4 AVENUE DE LA PTE DE CLIGNANC 75018 PARIS ;ce.0751793S@ac-paris.fr;Collège d'enseignement général MAURICE UTRILLO
55 RUE MARX DORMOY 75018 PARIS ;ce.0752196E@ac-paris.fr;Collège d'enseignement général MARX DORMOY
21 RUE BOINOD 75018 PARIS ;ce.0754706H@ac-paris.fr;Collège d'enseignement général MARIE CURIE
121  RUE DU FG POISSONNIERE 75009 PARIS ;ce.0752534X@ac-paris.fr;Collège d'enseignement général LAMARTINE
77 BOULEVARD DE CLICHY 75009 PARIS ;ce.0752533W@ac-paris.fr;Collège d'enseignement général JULES FERRY
12 AVENUE TRUDAINE 75009 PARIS ;ce.0752532V@ac-paris.fr;Collège d'enseignement général JACQUES DECOUR
118 BOULEVARD BESSIERES 75017 PARIS ;ce.0752553T@ac-paris.fr;Collège d'enseignement général HONORE DE BALZAC
8 RUE DES AMIRAUX 75018 PARIS ;ce.0752195D@ac-paris.fr;Collège d'enseignement général GERARD PHILIPE
17 RUE GEORGETTE AGUTTE 75018 PARIS ;ce.0752252R@ac-paris.fr;Collège d'enseignement général HECTOR BERLIOZ
145 BOULEVARD MALESHERBES 75017 PARIS ;ce.0752552S@ac-paris.fr;Collège d'enseignement général CARNOT
76 BOULEVARD BERTHIER 75017 PARIS ;ce.0752958H@ac-paris.fr;Collège d'enseignement général BORIS VIAN
2 PLACE HEBERT 75018 PARIS ;ce.0755030K@ac-paris.fr;Collège d'enseignement général DANIEL MAYER
61 RUE D AMSTERDAM 75008 PARIS ;ce.0751791P@ac-paris.fr;Collège d'enseignement général CONDORCET
43 RUE DES POISSONNIERS 75018 PARIS ;ce.0750546L@ac-paris.fr;Collège d'enseignement général GEORGES CLEMENCEAU
45 BOULEVARD DES BATIGNOLLES 75008 PARIS ;ce.0752529S@ac-paris.fr;Collège d'enseignement général CHAPTAL
16 RUE COYSEVOX 75018 PARIS ;ce.0752319N@ac-paris.fr;Collège d'enseignement général ANTOINE COYSEVOX
5 BIS RUE SAINT FERDINAND 75017 PARIS ;ce.0752387M@ac-paris.fr;Collège d'enseignement général ANDRE MALRAUX
2 ESPACE NATHALIE SARRAUTE 75018 PARIS ;ce.0755433Y@ac-paris.fr;Collège d'enseignement général AIMÉ CÉSAIRE
70 BOULEVARD BESSIERES 75017 PARIS ;chantal.cohen@enc-bessieres.or;Centre de Formation d'apprentis COMPTABILITE
135 RUE BELLIARD 75018 PARIS ;Laldja.Chopineaux@ac-paris.fr;Centre de Formation d'apprentis ALIMENTATION-HOTELLERIE
106 RUE DU FAUBOURG POISSONNIE 75010 PARIS ;ce.0753885R@ac-paris.fr;Lycée général privé ROCROY SAINT-VINCENT DE PAUL
34 RUE DU MOULIN JOLY 75011 PARIS ;ce.0754479L@ac-paris.fr;Lycée général privé OZAR HATORAH
3 RUE HENRI TUROT 75019 PARIS ;ce.0755352k@ac-apris.fr;Lycée général privé N'R HATORAH
30 BOULEVARD CARNOT 75012 PARIS ;ce.0753935V@ac-paris.fr;Lycée général privé GEORGES LEVEN
2 RUE DU FAUBOURG POISSONNIERE 75010 PARIS ;ce.0753883N@ac-paris.fr;Lycée général privé EDGAR POE
13 RUE DE PRAGUE 75012 PARIS ;ce.0753898E@ac-paris.fr;Lycée général privé E. NAPOLEON ST PIERRE FOURIER
2 BIS QUAI DES CELESTINS 75004 PARIS ;ce.0753824Z@ac-paris.fr;Lycée général privé MASSILLON
110 BOULEVARD DE MENILMONTANT 75020 PARIS ;ce.0755025E@ac-paris.fr;Lycée général privé HEIKHAL MENAHEM SINAI
17 RUE YVES TOUDIC 75010 PARIS ;ce.0753887T@ac-paris.fr;Lycée général privé BOSSUET-NOTRE-DAME
50 BIS RUE DES PRAIRIES 75020 PARIS ;ce.0753384W@ac-paris.fr;Lycée général privé BETH YACOV
49 RUE PETIT 75019 PARIS ;ce.0754325U@ac-paris.fr;Lycée général privé BETH HANNA
14 RUE LALLY TOLLENDAL 75019 PARIS ;info@epmc-laruche.com;École technologique privée MET DE LA CREATION-LA RUCHE
12 RUE DU 4 SEPTEMBRE 75002 PARIS ;contact@itecom-artdesign.com;École technologique privée ITECOM INST  TECHN  COMMUNIC
108 RUE SAINT HONORE 75001 PARIS ;SORNAS@wanadoo.fr;École technologique privée EC DESSIN TECHN ARTIST SORNAS
247 AVENUE GAMBETTA 75020 PARIS ;ce.0750106h@ac-paris.fr;École technologique privée CCIP CTRE FORMAT INDUSTRIELLES
15 RUE RIQUET 75019 PARIS ;ajj@free.fr;École secondaire privée YECHIVA TORAH WERAHAMIM
4 RUE THIONVILLE 75019 PARIS ;;École secondaire privée TORATENOU
27 RUE DU GENERAL BRUNET 75019 PARIS ;;École secondaire privée ECOLE TORAT HESSED
2 RUE DRANEM 75011 PARIS ;ecole.plus@libertysurf.fr;École secondaire privée ECOLE PLUS
76 RUE REAUMUR 75002 PARIS ;ce.0754108H@ac-paris.fr;École du 2nd degré professionnel privée EC INTERNATIONALE DE COIFFURE
11 RUE DE CAMBRAI 75019 PARIS ;ce.0751698N@ac-paris.fr;École du 2nd degré professionnel privée PIGIER PERFORMANCE
10  RUE SAINT CLAUDE 75003 PARIS ;;École secondaire privée COURS PRIVE PROGRESS
8 RUE EDOUARD LOCKROY 75011 PARIS ;posmaster@oiioformation.fr;École du 2nd degré professionnel privée O.I.I.O
105 BOULEVARD DE MAGENTA 75010 PARIS ;ce.0754465W@ac-paris.fr;École du 2nd degré professionnel privée FORMUL ABC
3 RUE DE L EST 75020 PARIS ;ecoledentairefrancaise@club-in;École du 2nd degré professionnel privée ECOLE DENTAIRE FRANCAISE
58 RUE DU LOUVRE 75002 PARIS ;ce.0754112M@ac-paris.fr;École du 2nd degré professionnel privée ECOLE DE BIJOUTERIE-JOAILLERIE
203 RUE LAFAYETTE 75010 PARIS ;ce.0754169Z@ac-paris.fr;École du 2nd degré professionnel privée ECOLE ACTIVE DE COIFFURE
110 RUE DE PICPUS 75012 PARIS ;efet@efet.com;École du 2nd degré professionnel privée EC FRANCAISE D'ENS TECHNIQUE
9  RUE DIEU 75010 PARIS ;ce.0753819U@ac-paris.fr;École générale et technologique privée INST MARAIS-CHARLEMAGNE-POLLES
9 RUE VOLNEY 75002 PARIS ;ecolecatherinesertin@wanadoo.f;École du 2nd degré professionnel privée CTRE PRI ENS SOINS ESTHETIQUES
25 RUE DU PETIT MUSC 75004 PARIS ;;École générale et technologique privée COURS LEGENDRE
145 RUE SAINT MAUR 75011 PARIS ;ce.0753372H@ac-paris.fr;École générale et technologique privée BETH SEFER YAD MORDEKHAI
3 RUE HENRI TUROT 75019 PARIS ;ce.0754676A@ac-paris.fr;École du 2nd degré général privée YECHIVA CHAARE THORA
4 RUE THIONVILLE 75019 PARIS ;;École du 2nd degré général privée TORATENOU
22  RUE DU SERGENT BAUCHAT 75012 PARIS ;ce.0753894A@ac-paris.fr;École du 2nd degré général privée SPINOZA
81 RUE REAUMUR 75002 PARIS ;cours.rene.reaumur@wanadoo.fr;École du 2nd degré général privée RENE REAUMUR
38 RUE DES BLANCS MANTEAUX 75004 PARIS ;prepasup@ipesup.fr;École du 2nd degré général privée PREPASUP
29  RUE DE THIONVILLE 75019 PARIS ;ce.0753060U@ac-paris.fr;École du 2nd degré général privée OHR JOSEPH
41 RUE DE TURENNE 75003 PARIS ;ce.0754971W@ac-paris.fr;École du 2nd degré général privée COURS PRIVE PROGRESS
2 BOULEVARD SOULT 75012 PARIS ;coursmoliere@wanadoo.fr;École du 2nd degré général privée MOLIERE
2  RUE DRANEM 75011 PARIS ;ce.0754823K@ac-paris.fr;Ecole élémentaire spéciale privée ECOLE PLUS
29 RUE MERLIN 75011 PARIS ;ce.0750356E@ac-paris.fr;Ecole élémentaire spéciale privée VOTRE ECOLE CHEZ VOUS
29 RUE DES ENVIERGES 75020 PARIS ;ce.0754007Y@ac-paris.fr;Collège d'enseignement général privé SAINTE-LOUISE
53 RUE DE LA GARE DE REUILLY 75012 PARIS ;ce.0752934G@ac-paris.fr;Collège d'enseignement général privé SAINT-MICHEL DE PICPUS
103  RUE DE REUILLY 75012 PARIS ;ce.0753896C@ac-paris.fr;Collège d'enseignement général privé SAINTE-CLOTILDE
3 RUE DES PRAIRIES 75020 PARIS ;ce.0754005W@ac-paris.fr;Collège d'enseignement général privé SAINT-GERMAIN DE CHARONNE
19 RUE BOURET 75019 PARIS ;ce.0754004V@ac-paris.fr;Collège d'enseignement général privé SAINT-GEORGES
11 PASSAGE SAINT AMBROISE 75011 PARIS ;ce.0753978S@ac-paris.fr;Collège d'enseignement général privé SAINT-AMBROISE
8 RUE DU CLOITRE SAINT MERRI 75004 PARIS ;ce.0753965C@ac-paris.fr;Collège d'enseignement général privé SAINT JEAN GABRIEL
106 RUE DU FAUBOURG POISSONNIE 75010 PARIS ;ce.0752923V@ac-paris.fr;Collège d'enseignement général privé ROCROY SAINT VINCENT DE PAUL
34 RUE DU MOULIN JOLY 75011 PARIS ;ce.0754290F@ac-paris.fr;Collège d'enseignement général privé OZAR HATORAH
16 RUE TACLET 75020 PARIS ;ce.0754006X@ac-paris.fr;Collège d'enseignement général privé NOTRE-DAME DE LOURDES
3 RUE HENRI TUROT 75019 PARIS ;ce.0755052j@ac-paris.fr;Collège d'enseignement général privé N'R HATORAH
2 BIS QUAI DES CELESTINS 75004 PARIS ;ce.0752920S@ac-paris.fr;Collège d'enseignement général privé MASSILLON
70 AVENUE SECRETAN 75019 PARIS ;ce.0754003U@ac-paris.fr;Collège d'enseignement général privé LUCIEN DE HIRSCH
21 RUE SAINT ANTOINE 75004 PARIS ;ce.0752902X@ac-paris.fr;Collège d'enseignement général privé LES FRANCS BOURGEOIS
110 BOULEVARD DE MENILMONTANT 75020 PARIS ;ce.0755029j@ac-paris.fr;Collège d'enseignement général privé HEIKHAL MENAHEM SINAI
30 BOULEVARD CARNOT 75012 PARIS ;ce.0754853T@ac-paris.fr;Collège d'enseignement général privé GEORGES LEVEN
13 RUE DE PRAGUE 75012 PARIS ;ce.0752911G@ac-paris.fr;Collège d'enseignement général privé E. NAPOLEON ST PIERRE FOURIER
54 AVENUE DE LA REPUBLIQUE 75011 PARIS ;ce.0752895P@ac-paris.fr;Collège d'enseignement général privé CHARLES PEGUY
35 RUE DE CHABROL 75010 PARIS ;ce.0754506R@ac-paris.fr;Collège d'enseignement général privé BOSSUET-NOTRE-DAME
50 BIS RUE DES PRAIRIES 75020 PARIS ;ce.0753387Z@ac-paris.fr;Collège d'enseignement général privé BETH YACOV
49 RUE PETIT 75019 PARIS ;ce.0753369E@ac-paris.fr;Collège d'enseignement général privé BETH HANNA
29 RUE MERLIN 75011 PARIS ;ce.0752954D@ac-paris.fr;Collège privé pour handicapés VOTRE ECOLE CHEZ VOUS
200 BIS BOULEVARD VOLTAIRE 75011 PARIS ;jerome.theveny@labonnegraine.o;Centre de Formation d'apprentis METIERS DE L'AMEUBLEMENT
22 RUE GABRIEL LAME 75012 PARIS ;ce.0754861B@ac-paris.fr;Collège privé pour handicapés 22 RUE GABRIEL LAME
1 PLACE SAINT GERVAIS 75004 PARIS ;n.chagneau@compagnons-du-devo;Centre de Formation d'apprentis REGIONAL COMPAGNONS DEVOIR IDF
59 RUE PLANCHAT 75020 PARIS ;michel.bazennerye@cfpp.org;Centre de Formation d'apprentis PHARMACIE PARIS-IDF
12 BOULEVARD D INDOCHINE 75019 PARIS ;lydie.malach@ac-paris.fr;Centre de Formation d'apprentis PARIS ACADEMIE ENTREPRISES
37 BOULEVARD SOULT 75012 PARIS ;ngomez@boucheries.com;Centre de Formation d'apprentis METIERS DE LA VIANDE
5 RUE SAINT DENIS 75001 PARIS ;laurence.dessauger@imc.randsta;Centre de Formation d'apprentis INSTITUT METIERS COMPETENCES
29 RUE DAVID D ANGERS 75019 PARIS ;ctamburini@arfa-idf.asso.fr;Centre de Formation d'apprentis MET ANIMAT SPORTIVE SOCIOCULTU
143 AVENUE JEAN JAURES 75019 PARIS ;paris.direction@compagnonsduto;Centre de Formation d'apprentis FED REG COMPAGNONNIQUE MET BAT
6 IMPASSE DELEPINE 75011 PARIS ;contact@cfaee.fr;Centre de Formation d'apprentis EQUIPEMENT ELECTRIQUE
119 RUE REAUMUR 75002 PARIS ;broca@modeaparis.com;Centre de Formation d'apprentis ECSCP COUTURE-HABILLEMENT
3 RUE PIERRE DUPONT 75002 PARIS ;ccosta-savelli@groupe-igs.asso;Centre de Formation d'apprentis COMMERCE DISTRIBUTION SERVICES
3 RUE HASSARD 75019 PARIS ;vdinet@lesfleuristes.com;Centre de Formation d'apprentis ECOLE DES FLEURISTES DE PARIS
4 BIS RUE DES ROSIERS 75004 PARIS ;palfandari@ecoledetravail.fr;Centre de Formation d'apprentis ECOLE DU TRAVAIL-ORT
19 RUE GOUBET 75019 PARIS ;"rbota@ceproc.com;creboute@cepr";Centre de Formation d'apprentis CHARCUTERIE
79 AVENUE DE LA REPUBLIQUE 75011 PARIS ;mcernesty@cci-paris-idf.fr;Centre de Formation d'apprentis CCIP EC SUP COM PARIS-EC EU AF
64 RUE DES PIROGUES DE BERCY 75012 PARIS ;ddescamps@grandsmoulinsdeparis;Centre de Formation d'apprentis BOULANGERIE ET PATISSERIE
58 RUE DU LOUVRE 75002 PARIS ;m.baldocchi@bjop.fr;Centre de Formation d'apprentis BIJOUTERIE-JOAILLERIE DE PARIS
19 RUE DES TAILLANDIERS 75011 PARIS ;;Section d'enseignement professionnel LPO PAUL POIRET
247 AVENUE GAMBETTA 75020 PARIS ;mcernesty@cci-paris-idf.fr;Centre de Formation d'apprentis CCIP CENTRE FORMATIONS INDUSTR
7 RUE PIERRE DUPONT 75010 PARIS ;jpleroy@groupe-igs.fr;Centre de Formation d'apprentis BUREAUTIQUE APPLIQUEE
23 RUE DE LA BIDASSOA 75020 PARIS ;;Section d'enseignement professionnel LPO MARTIN NADAUD
44 RUE DES JEUNEURS 75002 PARIS ;;Section d'enseignement professionnel LPO JACQUES MONOD
28 RUE DEBELLEYME 75003 PARIS ;;Section d'enseignement professionnel LPO FRANCOIS TRUFFAUT
20 AVENUE ARMAND ROUSSEAU 75012 PARIS ;;Section d'enseignement professionnel LPO ELISA LEMONNIER
74  AV PHILIPPE AUGUSTE 75011 PARIS ;;Section d'enseignement professionnel LPO DORIAN
61 RUE DAVID D ANGERS 75019 PARIS ;;Section d'enseignement professionnel LPO DIDEROT
22 SENTE DES DOREES 75019 PARIS ;;Section d'enseignement professionnel LPO D'ALEMBERT
9 RUE PIERRE BOURDAN 75012 PARIS ;ce.0750523L@ac-paris.fr;Section d'enseignement professionnel LPO BOULLE
51 RUE DES PANOYAUX 75020 PARIS ;ce.0754405F@ac-paris.fr;Section d'enseignement général et professionnel adapté COLLEGE ROBERT DOISNEAU
11 RUE BOUVIER 75011 PARIS ;ce.0754532U@ac-paris.fr;Section d'enseignement général et professionnel adapté COLLEGE PILATRE DE ROZIER
82 RUE DE MENILMONTANT 75020 PARIS ;ce.0754533V@ac-paris.fr;Section d'enseignement général et professionnel adapté COLLEGE JEAN-BAPTISTE CLEMENT
8 AVENUE VINCENT D INDY 75012 PARIS ;ce.0754960J@ac-paris.fr;Section d'enseignement général et professionnel adapté COLLEGE GERMAINE TILLION
24 RUE LE VAU 75020 PARIS ;ce.0752253S@ac-paris.fr;Section d'enseignement général et professionnel adapté COLLEGE PIERRE MENDES FRANCE
19 RUE DES TAILLANDIERS 75011 PARIS ;ce.0750558Z@ac-paris.fr;Lycée polyvalent PAUL POIRET
9 RUE PIERRE BOURDAN 75012 PARIS ;ce.0750681H@ac-paris.fr;Lycée polyvalent lycée des métiers BOULLE ESAA
23 RUE DE LA BIDASSOA 75020 PARIS ;ce.0754530S@ac-paris.fr;Lycée polyvalent MARTIN NADAUD
20 AVENUE ARMAND ROUSSEAU 75012 PARIS ;ce.0750677D@ac-paris.fr;Lycée polyvalent ELISA LEMONNIER
61  RUE DAVID D ANGERS 75019 PARIS ;ce.0750712S@ac-paris.fr;Lycée polyvalent DIDEROT
18 PASSAGE TURQUETIL 75011 PARIS ;ce.0750778N@ac-paris.fr;Lycée professionnel lycée des métiers TURQUETIL
28 RUE DEBELLEYME 75003 PARIS ;ce.0752701D@ac-paris.fr;Lycée polyvalent FRANCOIS TRUFFAUT
19 RUE CURIAL 75019 PARIS ;ce.0750802P@ac-paris.fr;Lycée professionnel lycée des métiers HECTOR GUIMARD
114 QUAI DE JEMMAPES 75010 PARIS ;ce.0750776L@ac-paris.fr;Lycée professionnel lycée des métiers MARIE LAURENCIN
49 RUE DE CHARENTON 75012 PARIS ;ce.0752845K@ac-paris.fr;Lycée professionnel THEOPHILE GAUTIER
35 RUE DES BOURDONNAIS 75001 PARIS ;ce.0752388N@ac-paris.fr;Lycée professionnel PIERRE LESCOT
9 RUE PIERRE BOURDAN 75012 PARIS ;ce.0750784V@ac-paris.fr;Lycée professionnel METIERS DE L'AMEUBLEMENT
39 RUE DE LA ROQUETTE 75011 PARIS ;ce.0750788Z@ac-paris.fr;Lycée professionnel MARCEL DEPREZ
7  RUE DES ECLUSES ST MARTIN 75010 PARIS ;ce.0750775K@ac-paris.fr;Lycée professionnel GUSTAVE FERRIE
7 RUE D EUPATORIA 75020 PARIS ;ce.0750808W@ac-paris.fr;Lycée professionnel ETIENNE DOLET
33 AVENUE LEDRU ROLLIN 75012 PARIS ;ce.0750783U@ac-paris.fr;Lycée professionnel CHENNEVIERE MALEZIEUX
17 RUE LIGNER 75020 PARIS ;ce.0750508V@ac-paris.fr;Lycée professionnel CHARLES DE GAULLE
45 RUE ARMAND CARREL 75019 PARIS ;ce.0752700C@ac-paris.fr;Lycée professionnel ARMAND CARREL
70 BIS RUE DE TURBIGO 75003 PARIS ;ce.0750770E@ac-paris.fr;Lycée professionnel ABBE GREGOIRE
2 BIS RUE BOURET 75019 PARIS ;ce.0750713T@ac-paris.fr;Lycée général et technologique lycée des métiers JACQUARD
101 AVENUE DE LA REPUBLIQUE 75011 PARIS ;ce.0750675B@ac-paris.fr;Lycée général et technologique VOLTAIRE
4 RUE ERIK SATIE 75019 PARIS ;ce.0754478K@ac-paris.fr;Section d'enseignement général et professionnel adapté COLLEGE GEORGES BRASSENS
33 RUE EDOUARD PAILLERON 75019 PARIS ;ce.0752130H@ac-paris.fr;Section d'enseignement général et professionnel adapté COLLEGE EDOUARD PAILLERON
69 RUE DE TURBIGO 75003 PARIS ;ce.0750647W@ac-paris.fr;Lycée général et technologique TURGOT
9 RUE DE JOUY 75004 PARIS ;ce.0750653C@ac-paris.fr;Lycée général et technologique SOPHIE GERMAIN
12 RUE D ABBEVILLE 75010 PARIS ;ce.0750674A@ac-paris.fr;Lycée technologique JULES SIEGFRIED
27 RUE EDOUARD PAILLERON 75019 PARIS ;ce.0750711R@ac-paris.fr;Lycée général et technologique HENRI BERGSON
4 PLACE DE LA NATION 75012 PARIS ;ce.0750680G@ac-paris.fr;Lycée général et technologique ARAGO
27 RUE DE SEVIGNE 75003 PARIS ;ce.0750648X@ac-paris.fr;Lycée général VICTOR HUGO
89  CRS DE VINCENNES 75020 PARIS ;ce.0750715V@ac-paris.fr;Lycée général et technologique MAURICE RAVEL
38 BOULEVARD SOULT 75012 PARIS ;ce.0750679F@ac-paris.fr;Lycée général PAUL VALERY
75 COURS DE VINCENNES 75020 PARIS ;ce.0750714U@ac-paris.fr;Lycée général HELENE BOUCHER
7 RUE DE POITOU 75003 PARIS ;ce.0750651A@ac-paris.fr;Lycée général et technologique SIMONE WEIL
27 RUE DE CHATEAU LANDON 75010 PARIS ;ce.0750673Z@ac-paris.fr;Lycée général COLBERT
40 RUE MANIN 75019 PARIS ;ce.0754684J@ac-paris.fr;Lycée général GEORGES BRASSENS
14 RUE CHARLEMAGNE 75004 PARIS ;ce.0750652B@ac-paris.fr;Lycée général CHARLEMAGNE
316  RUE DE BELLEVILLE 75020 PARIS ;ce.0750828T@ac-paris.fr;Établissement régional d'enseignement adapté EDITH PIAF
7 RUE JOMARD 75019 PARIS ;ce.0750484U@ac-paris.fr;Collège d'enseignement général W.A. MOZART
101 AVENUE DE LA REPUBLIQUE 75011 PARIS ;ce.0752536Z@ac-paris.fr;Collège d'enseignement général VOLTAIRE
21 RUE SAMBRE ET MEUSE 75010 PARIS ;ce.0755778Y@ac-paris.fr;Collège d'enseignement général FRANCOISE SELIGMANN
27 RUE DE SEVIGNE 75003 PARIS ;ce.0752524L@ac-paris.fr;Collège d'enseignement général VICTOR HUGO
199 QUAI DE VALMY 75010 PARIS ;ce.0750584C@ac-paris.fr;Collège d'enseignement général VALMY
149 BOULEVARD MAC DONALD 75019 PARIS ;ce.0755747P@ac-paris.fr;Collège d'enseignement général SUZANNE LACORE
14  RUE EURYALE DEHAYNIN 75019 PARIS ;ce.0750575T@ac-paris.fr;Collège d'enseignement général SONIA DELAUNAY
51  RUE DES PANOYAUX 75020 PARIS ;ce.0754355B@ac-paris.fr;Collège d'enseignement général ROBERT DOISNEAU
11 RUE BOUVIER 75011 PARIS ;ce.0754528P@ac-paris.fr;Collège d'enseignement général PILATRE DE ROZIER
5  RUE BERANGER 75003 PARIS ;ce.0750387N@ac-paris.fr;Collège d'enseignement général PIERRE-JEAN DE BERANGER
27 RUE EDOUARD PAILLERON 75019 PARIS ;ce.0752555V@ac-paris.fr;Collège d'enseignement général HENRI BERGSON
75 COURS DE VINCENNES 75020 PARIS ;ce.0752556W@ac-paris.fr;Collège d'enseignement général HELENE BOUCHER
6  RUE D ARTAGNAN 75012 PARIS ;ce.0752189X@ac-paris.fr;Collège d'enseignement général GUY FLAVIEN
7 RUE JEAN QUARRE 75019 PARIS ;ce.0752695X@ac-paris.fr;Collège d'enseignement général GUILLAUME BUDE
8 AVENUE VINCENT D INDY 75012 PARIS ;ce.0753936W@ac-paris.fr;Collège d'enseignement général GERMAINE TILLION
3 RUE DU NOYER DURAND 75019 PARIS ;ce.0753938Y@ac-paris.fr;Collège d'enseignement général GEORGES ROUAULT
45 RUE DE TANGER 75019 PARIS ;ce.0752606A@ac-paris.fr;Collège d'enseignement général GEORGES MELIES
48 AVENUE DR ARNOLD NETTER 75012 PARIS ;ce.0750444A@ac-paris.fr;Collège d'enseignement général GEORGES COURTELINE
4 RUE ERIK SATIE 75019 PARIS ;ce.0750507U@ac-paris.fr;Collège d'enseignement général GEORGES BRASSENS
354 RUE DES PYRENEES 75020 PARIS ;ce.0750552T@ac-paris.fr;Collège d'enseignement général FRANCOISE DOLTO
2 ALLÉE DES JUSTES 75004 PARIS ;ce.0752693V@ac-paris.fr;Collège d'enseignement général FRANCOIS COUPERIN
4  RUE GALLERON 75020 PARIS ;ce.0753046D@ac-paris.fr;Collège d'enseignement général FLORA TRISTAN
16 RUE ADOLPHE MILLE 75019 PARIS ;ce.0755095F@ac-paris.fr;Collège d'enseignement général EDGAR VARESE
33 RUE EDOUARD PAILLERON 75019 PARIS ;ce.0751707Y@ac-paris.fr;Collège d'enseignement général EDOUARD PAILLERON
70  RUE DE L OURCQ 75019 PARIS ;ce.0753345D@ac-paris.fr;Collège d'enseignement général EDMOND MICHELET
9 RUE DES PANOYAUX 75020 PARIS ;ce.0755241P@ac-paris.fr;Collège d'enseignement général COLETTE BESSON
9 RUE DES ALOUETTES 75019 PARIS ;ce.0750360J@ac-paris.fr;Collège d'enseignement général CLAUDE CHAPPE
69 AVENUE SIMON BOLIVAR 75019 PARIS ;ce.0751706X@ac-paris.fr;Collège d'enseignement général CHARLES PEGUY
13 RUE CHARLEMAGNE 75004 PARIS ;ce.0752525M@ac-paris.fr;Collège d'enseignement général CHARLEMAGNE
7  RUE DE LA JUSSIENNE 75002 PARIS ;ce.0752248L@ac-paris.fr;Collège d'enseignement général CESAR FRANCK
21 RUE DES PETITS HOTELS 75010 PARIS ;ce.0752829T@ac-paris.fr;Collège d'enseignement général BERNARD PALISSY
124 RUE AMELOT 75011 PARIS ;ce.0750362L@ac-paris.fr;Collège d'enseignement général BEAUMARCHAIS
38  RUE TROUSSEAU 75011 PARIS ;ce.0750608D@ac-paris.fr;Collège d'enseignement général ANNE FRANK
87 RUE LEON FROT 75011 PARIS ;ce.0750607C@ac-paris.fr;Collège d'enseignement général ALAIN FOURNIER
74 AVENUE PHILIPPE AUGUSTE 75011 PARIS ;daniel.gruat@ac-paris.fr;Centre de Formation d'apprentis DORIAN OPERATEUR-GEOMETRE
74 AVENUE PHILIPPE AUGUSTE 75011 PARIS ;ce.0750676C@ac-paris.fr;Lycée polyvalent lycée des métiers DORIAN
11 RUE DUPETIT THOUARS 75003 PARIS ;ce.0750672Y@ac-paris.fr;Lycée technologique DUPERRE ESAA
22 SENTE DES DOREES 75019 PARIS ;ce.0750650Z@ac-paris.fr;Lycée polyvalent lycée des métiers D'ALEMBERT
